<?xml version="1.0" encoding="UTF-8" standalone="yes"?>
<addon id="plugin.video.enthsn" name="Einthusan" version="1.0.6" provider-name="Enthsn">
    <requires>
        <import addon="xbmc.python" version="2.26.0"/>
        <import addon="script.module.requests" version="2.22.0"/>
        <import addon="script.module.html2text" version="2015.6.21"/>
    </requires>
    <extension point="xbmc.python.pluginsource" library="default.py">
        <provides>video</provides>
    </extension>
    <extension point="xbmc.addon.metadata">
        <summary lang="en_GB">Stream movies from Einthusan.tv - #1 South Asian Hub.</summary>
        <description lang="en_GB">Einthusan.tv is the leading Premium South Asian streaming content provider of full-length feature films in on-demand superior HD. Einthusan.tv brings you over 4000+ legally licensed content from 9 regional languages of India</description>
        <disclaimer>This plugin is not endorsed by Einthusan.tv</disclaimer>
        <platform>all</platform>
        <language>en</language>
        <license>MIT LICENSE</license>
        <forum></forum>
        <website>https://enthsn.github.io/enthsn</website>
        <source>https://github.com/enthsn/enthsn</source>
        <assets>
            <icon>icon.png</icon>
            <fanart>fanart.png</fanart>
            <screenshot>images/screenshot-1.png</screenshot>
            <screenshot>images/screenshot-2.png</screenshot>
            <screenshot>images/screenshot-3.png</screenshot>
            <screenshot>images/screenshot-4.png</screenshot>
            <screenshot>images/screenshot-5.png</screenshot>
        </assets>
    </extension>
</addon>
