<?xml version="1.0" encoding="UTF-8" standalone="yes"?>
<addon id="repository.enthsn" name="Enthsn Add-on Repository" 
    version="1.0.0" 
    provider-name="Enthsn">
	<extension point="xbmc.addon.repository" name="Enthsn Add-on Repository">
		<info compressed="false">https://github.com/enthsn/enthsn/raw/master/zips/addons.xml</info>
		<checksum>https://github.com/enthsn/enthsn/raw/master/zips/addons.xml.md5</checksum>
		<datadir zip="true">https://github.com/enthsn/enthsn/raw/master/zips/</datadir>
	</extension>
	<extension point="xbmc.addon.metadata">
		<summary>Install Add-ons for Kodi from Enthsn Add-on Repository</summary>
		<description>Video plug-ins for Kodi by Enthsn!</description>
		<disclaimer></disclaimer>
		<platform>all</platform>
	</extension>
</addon>
