<?xml version="1.0" encoding="UTF-8"?>
<addon id="plugin.video.enthsn"
       name="Einthusan"
       version="1.0.2"
       provider-name="Enthsn">
    <requires>
        <import addon="xbmc.python" version="2.1.0"/>
        <import addon="script.module.requests" version="2.7.0" />
        <import addon="script.module.html2text" />
    </requires>
    <extension point="xbmc.python.pluginsource" library="default.py">
        <provides>video</provides>
    </extension>
    <extension point="xbmc.addon.metadata">
        <platform>all</platform>
        <summary>Watch movies from Einthusan.com</summary>
        <description lang="en">
        This XBMC plugin allows to watch movies from Einthusan.com. Please support them.
        Credits to Humla for creating the addon.
        </description>
        <assets>
            <icon>icon.png</icon>
            <fanart>fanart.jpg</fanart>
        </assets>
    </extension>
</addon>
