<?xml version="1.0" encoding="UTF-8" standalone="yes"?>
<addon id="repository.enthsn" name="Enthsn Add-on Repository" version="1.0.4" provider-name="Enthsn">
    <extension point="xbmc.addon.repository" name="Enthsn Add-on Repository">
	<dir>
	    <info compressed="false">https://github.com/enthsn/enthsn/raw/master/zips/addons.xml</info>
	    <checksum>https://github.com/enthsn/enthsn/raw/master/zips/addons.xml.md5</checksum>
	    <datadir zip="true">https://github.com/enthsn/enthsn/raw/master/zips/</datadir>
	</dir>
    </extension>
    <extension point="xbmc.addon.metadata">
        <summary lang="en_GB">Install Add-ons for Kodi from Enthsn Add-on Repository</summary>
        <description lang="en_GB">Video plug-ins for Kodi by Enthsn!</description>
        <disclaimer>This repo is not endorsed by Einthusan.tv</disclaimer>
        <platform>all</platform>
        <language>en</language>
        <license>MIT LICENSE</license>
        <forum></forum>
        <website>https://enthsn.github.io/enthsn</website>
        <source>https://github.com/enthsn/enthsn</source>
        <assets>
            <icon>icon.png</icon>
            <fanart>fanart.jpg</fanart>
        </assets>
    </extension>
</addon>
